Sweep,C+,dropout,layers,learning_rate,loops,tau,weight_decay,mean accuracy,mean test accuracy
afvnm2rn,10.843554143466928,0.5138895216100492,[32],0.3452862497367784,131,288,0.49097388465305575,0.3384166666666668,0.33993302958774785
afvnm2rn,10.28861152512868,0.952831047,"[16,16,16]",0.10228754003214252,130,426,0.11087747931442878,0.33536111111111117,0.3343426469780975
afvnm2rn,16.059592132971176,0.7875481522823005,"[128,128]",0.070479552,133,220,0.552998436,0.3423541666666668,0.344543009
afvnm2rn,12.281924565243507,0.8179221878337949,"[64,64,64]",0.4787599191106754,119,224,0.2725831184871789,0.32029166666666675,0.31879069001482135
afvnm2rn,19.76859197376687,0.5407334987126927,"[128,128]",0.10518750237751431,94,384,0.22637529549368351,0.327375,0.3264977768018884
afvnm2rn,17.323789491015305,0.4604388249535483,"[16,16]",0.17140638986782455,129,493,0.337531845,0.34577083333333347,0.34711148926826607
afvnm2rn,9.593338366697974,0.7906890246955921,"[128,128,128]",0.35188962087516346,136,333,0.23441073824700745,0.33481944444444456,0.33340231651753865
afvnm2rn,16.826720350707014,0.5013793695459745,"[16,16]",0.12210763820934224,116,348,0.13621512151520698,0.3371250000000002,0.3378152275347205
afvnm2rn,2.9206682015763334,0.6881963736694833,[64],0.24068392342657197,97,491,0.2567987491305993,0.33691666666666686,0.3350672448811551
afvnm2rn,6.199037662964962,0.5758837830989212,[128],0.17346383201300572,133,89,0.3637017491835752,0.33683333333333354,0.33798759400559936
afvnm2rn,12.271610516027906,0.6556148336155906,"[64,64,64]",0.17713162681892605,122,393,0.12261150656157233,0.3342152777777779,0.33392490530822877
afvnm2rn,9.681373460321602,0.7559909200728785,[64],0.3404173016426165,129,259,0.2146939146364279,0.32819444444444457,0.3287012131525499
afvnm2rn,9.109018268432193,0.32050386,[16],0.4269829248260004,103,224,0.20390408629560552,0.32877777777777795,0.32834495251687995
afvnm2rn,9.294625818360776,0.8208780386706337,"[128,128,128]",0.032769653599370174,132,343,0.4861058524113863,0.32757638888888896,0.326234287
afvnm2rn,7.180710093412719,0.7548768446341252,"[128,128]",0.33987695305279264,129,379,0.30159873809806487,0.32740972222222225,0.3261343799747489
afvnm2rn,11.810487617542195,0.7076271502155725,"[64,64,64]",0.11277002228341104,124,429,0.3380851439537404,0.33007638888888907,0.3306296316627328
afvnm2rn,13.85870953845664,0.045499698386914665,"[64,64]",0.080161637,104,76,0.11429655891234708,0.3207638888888889,0.31845419114014384
afvnm2rn,4.822305163879196,0.4109623122085541,[64],0.488573051,95,269,0.5463456861077033,0.3279166666666668,0.32596914969533963
afvnm2rn,12.700970566820596,0.7880859991134359,"[128,128]",0.072534849,103,115,0.4035429371211592,0.33526388888888903,0.336284789
afvnm2rn,7.523759075756942,0.4162317235520949,"[16,16]",0.39325780090329976,138,319,0.46310881734350745,0.34606250000000016,0.3469352802327498
afvnm2rn,5.257483244817165,0.078530157,"[32,32]",0.4748378285469207,114,418,0.20176003938020115,0.33968750000000014,0.34057034637975525
afvnm2rn,15.404339247549336,0.8568897753222156,[64],0.1898195950834963,101,213,0.25359447428762166,0.3147013888888889,0.3110610967777351
afvnm2rn,19.433935614492103,0.7427402320955966,"[32,32]",0.3292745768525871,125,196,0.3410072160805535,0.34029166666666677,0.3417050008234069
afvnm2rn,2.1133212875610585,0.8620646574832626,"[16,16]",0.008828691,123,202,0.083161697,0.34363194444444445,0.34287423834879505
afvnm2rn,6.927330693038303,0.9337745333546026,"[32,32,32]",0.4329180564332407,119,306,0.35617399475147676,0.3373055555555557,0.3375100181149477
afvnm2rn,19.05799856495776,0.1123741376818932,"[16,16]",0.25068969961032733,122,184,0.5133696583052482,0.3417291666666668,0.3437377175166055
afvnm2rn,4.739692192263415,0.605783536,"[32,32]",0.068676584,125,222,0.3569807097435512,0.3414861111111112,0.3433842015699623
afvnm2rn,17.323359693942546,0.5338256974833964,"[128,128,128]",0.4255554952046464,131,276,0.14182048724585816,0.34040277777777783,0.3413652083218971
afvnm2rn,13.107192415123926,0.075235707,[128],0.33822992042102784,116,480,0.3115973826489125,0.3299375000000001,0.32765713344678055
afvnm2rn,12.195375080119003,0.4590359465601247,"[128,128,128]",0.32417941712079346,109,282,0.4250329803724045,0.3412083333333335,0.3417911840588463
afvnm2rn,2.8304382992122443,0.3099050241709502,[16],0.030815406721905973,134,488,0.1932886714551834,0.3331666666666668,0.33369929187023123
afvnm2rn,8.162708676470213,0.8353588052978298,"[32,32]",0.522881396,121,77,0.3951088237014459,0.32116666666666677,0.31876104737333266
afvnm2rn,6.398420863173693,0.014687968828936993,"[128,128,128]",0.5068567260196138,109,75,0.3331052966520156,0.333701389,0.33330570346379773
afvnm2rn,13.274576359198615,0.3229412305674258,[128],0.5374625442167897,126,468,0.48333068899039894,0.33193750000000016,0.3322380194323985
afvnm2rn,10.767362144031416,0.43919134768451507,[32],0.21958756982500563,129,12,0.4668918728613348,0.34043750000000017,0.34161991546357817
afvnm2rn,19.072141174126585,0.18097080072433003,"[16,16]",0.5073526810689702,103,449,0.13677526808648818,0.3339583333333334,0.333923807
afvnm2rn,13.405943956303258,0.6223432496269927,"[128,128,128]",0.11946602530995376,96,410,0.39579571108885553,0.3307916666666668,0.3300340341439316
afvnm2rn,3.898298335627463,0.7188810800404689,"[64,64,64]",0.10897506032984816,123,240,0.20985869729922285,0.33598611111111126,0.3356128890596697
afvnm2rn,8.811991454977262,0.859125043,"[128,128,128]",0.15249292478155868,102,113,0.22768852694698125,0.3444305555555556,0.34594225174287774
afvnm2rn,8.682074212891733,0.1736911583890098,"[64,64,64]",0.5519422394154272,95,440,0.27948250119123536,0.3482708333333335,0.3515353790415548
afvnm2rn,3.3069101488246013,0.9957931776438788,[64],0.29788591120635016,113,232,0.4718072637255339,0.33344444444444454,0.3333013119613548
afvnm2rn,3.3324949986675967,0.3614132642839009,[64],0.009224541,122,489,0.5228097633117844,0.3381250000000001,0.34010594499643204
afvnm2rn,7.754236548731016,0.1339911197856533,[64],0.5289690503382201,105,358,0.1370337934631182,0.3249097222222223,0.32222868748970745
afvnm2rn,5.4598326880638615,0.9872102894660064,[128],0.096967351,115,299,0.18412592189376092,0.34257638888888897,0.34089806224954716
afvnm2rn,1.5019297444448916,0.13368998367856053,"[128,128,128]",0.009725244,124,371,0.11874459495049022,0.33688194444444464,0.3377279464236703
afvnm2rn,20.072519008038174,0.4022970363578383,"[32,32,32]",0.030501786,98,9,0.38030229130545246,0.3179791666666667,0.3145561837843773
afvnm2rn,20.523826010751893,0.7858979581115204,[128],0.27831454650085874,117,269,0.42459395633070657,0.3415069444444445,0.34398638634242756
afvnm2rn,17.35657549018999,0.24273350101265936,[64],0.514985177,130,36,0.0820423,0.3420486111111113,0.3406669594334963
afvnm2rn,13.58871671519886,0.6384714985421225,"[16,16,16]",0.4460794703698324,99,356,0.1239092295411954,0.3437222222222223,0.3456315529450515
afvnm2rn,1.2545803620700229,0.004319808,"[128,128]",0.4380642115307099,97,308,0.019068145,0.4461250000000001,0.4336877641763188
afvnm2rn,17.03596262944878,0.27208122657142464,[32],0.079352829,93,190,0.4849670260893177,0.3316597222222224,0.332384586
afvnm2rn,14.258142058572144,0.14875567420515104,[128],0.1972166440060426,138,82,0.18320391679515127,0.3420208333333335,0.3435659
afvnm2rn,4.819302619428383,0.912108816,"[64,64]",0.10393818175359366,97,446,0.4293677241433611,0.31609722222222225,0.3142383487950815
afvnm2rn,7.756786834086824,0.4999578746177305,"[32,32,32]",0.016333719513278305,135,47,0.47075897316456666,0.3326944444444446,0.33183619695888467
afvnm2rn,18.14685902716222,0.6680200087724613,[32],0.19628954005224364,92,466,0.43157443140675894,0.3245694444444445,0.32502223198111657
afvnm2rn,12.926847778493432,0.6924005955426439,[128],0.2650534554991765,92,327,0.33380368153312445,0.3375902777777779,0.33779601471153325
afvnm2rn,8.714441722279636,0.6060584958641738,"[32,32]",0.2475862904357339,114,437,0.12313734112307131,0.3182847222222223,0.31619805676016904
afvnm2rn,20.61897639860338,0.9964080523162748,"[16,16]",0.2978475317919948,107,279,0.3607704506338581,0.3311527777777778,0.3318658396003733
afvnm2rn,18.26953318,0.18115080282797252,[64],0.23872621716605283,133,41,0.3261188542553436,0.3320833333333335,0.3321512872591537
afvnm2rn,1.7346183404342714,0.2045879369417288,"[16,16,16]",0.4924145008845866,131,113,0.4676007347794032,0.33625694444444454,0.3372119448866445
afvnm2rn,2.7591108204398975,0.7117533640481015,[64],0.10204730655563932,130,286,0.032618918,0.36952777777777784,0.36031838392710097
afvnm2rn,0.5996724942389728,0.11733368804386218,"[16,16,16]",0.1997687884165126,120,396,0.5321001326209682,0.3352500000000001,0.33604215842345075
afvnm2rn,20.176090372622767,0.5739473044226346,[32],0.10736489549855072,115,41,0.26038833164239406,0.33035416666666684,0.3302920349124445
afvnm2rn,7.369327017264753,0.5565794006332593,"[64,64,64]",0.15237016406869666,107,487,0.27751294745229316,0.3367083333333334,0.3351803260690565
afvnm2rn,16.45095284456593,0.9836301588031984,"[64,64]",0.48729912017493854,124,357,0.21599156355442775,0.3309513888888889,0.3306669594334962
afvnm2rn,6.891305493,0.5898645672414998,"[32,32]",0.13710119283253852,138,431,0.19935620535588355,0.3264583333333334,0.3268320799253446
afvnm2rn,10.62787042,0.994045697,"[32,32,32]",0.4912105974561758,121,44,0.5405574729113453,0.33782638888888905,0.3383981994839986
afvnm2rn,1.884753414404582,0.8159108591913157,"[16,16]",0.4616462919467345,132,264,0.520811338,0.33597916666666683,0.3356139869352804
afvnm2rn,15.66587437906095,0.4024274924846303,"[16,16]",0.531555908,137,475,0.33728707489476156,0.3388333333333334,0.34256793105341177
afvnm2rn,15.071660738866402,0.5798594444913056,"[64,64,64]",0.098951809,101,386,0.074007913,0.3268680555555556,0.3244178514574299
afvnm2rn,5.917566374525474,0.082245047,"[32,32]",0.1419385208739166,133,263,0.13659995530081098,0.32906250000000015,0.32817423285941705
afvnm2rn,19.091225677201543,0.6642401439969899,"[32,32,32]",0.2190914792701287,98,342,0.087209141,0.3426319444444445,0.3415282428500852
afvnm2rn,18.387171029596225,0.5403944035779571,"[32,32,32]",0.4766959015430985,118,233,0.2210830473794441,0.3345208333333335,0.33647307460064796
afvnm2rn,7.889221671057936,0.543191589,"[128,128]",0.4171732396127973,103,14,0.3559901255120607,0.3432847222222224,0.34563429763407816
afvnm2rn,13.69485124028346,0.3522462434377404,"[128,128,128]",0.3901720418747585,100,377,0.17069727525553474,0.33472222222222237,0.3356375912609103
afvnm2rn,18.690149232542485,0.12050160025030572,[32],0.3654260028957841,116,420,0.226759058,0.3311180555555556,0.3323582368117694
afvnm2rn,14.837797348473618,0.6688536664096304,"[16,16]",0.067098169,106,130,0.14864719541060004,0.3287500000000001,0.3268825822034364
afvnm2rn,17.28112073885841,0.9458243890456336,"[16,16]",0.29334431329197913,128,17,0.09257084,0.3208888888888889,0.31952187517154307
afvnm2rn,6.986506853625864,0.5929125134285593,[64],0.29435849542700276,120,300,0.4860328857592221,0.3535486111111112,0.35692539935225354
afvnm2rn,4.520036300421723,0.43643275631245954,"[64,64,64]",0.099288265,137,283,0.3941643305348515,0.3410208333333335,0.3412751825218205
afvnm2rn,4.582752537947003,0.5059278887299294,[64],0.24691437609940128,92,281,0.049242735,0.3507152777777779,0.3449223253005435
afvnm2rn,2.046378055546408,0.6278958480778262,[32],0.4036342241820137,113,135,0.11679021,0.3362777777777779,0.33704287204259764
afvnm2rn,5.324064411992549,0.019082469240457704,"[16,16]",0.3908369528628148,114,338,0.34314999800550533,0.3186597222222223,0.31724378327935443
afvnm2rn,1.2298825144698715,0.9725874114751644,"[16,16,16]",0.41688250701513074,136,138,0.1765994397869593,0.3353333333333335,0.3363594444749412
afvnm2rn,15.851668183047206,0.636768189,[32],0.39817824920330064,123,100,0.4249701155289576,0.3289166666666668,0.3282856672339025
afvnm2rn,19.785571476736347,0.26420420421049673,"[64,64]",0.4819582569042336,106,93,0.033571580379655463,0.32993750000000005,0.32492122742493273
afvnm2rn,5.994110181,0.7305238455288668,[16],0.43955146987907234,115,120,0.16791896477709992,0.3331111111111112,0.33397705439973663
afvnm2rn,6.4148394118997505,0.44846994618151353,[32],0.5320516457044487,121,153,0.204313428,0.333701389,0.33418619970357377
afvnm2rn,11.650920950597056,0.076731059,"[16,16,16]",0.16794571991396853,95,264,0.13195099600922816,0.33843750000000017,0.33703957841576565
afvnm2rn,9.711961429787204,0.7920883133579755,"[32,32,32]",0.4403987175972049,133,340,0.3730193698345651,0.33383333333333354,0.3340368886205195
afvnm2rn,19.916899500958877,0.1440929389167663,"[64,64,64]",0.4891175043559611,127,273,0.053106109,0.33336111111111116,0.3281462370313444
afvnm2rn,6.970369679241499,0.063583895,[128],0.18375040269639473,111,204,0.081641748,0.33179166666666676,0.3326497227864085
afvnm2rn,6.741803833025826,0.4311051843095801,"[64,64,64]",0.20641495830959325,110,50,0.5160945567856173,0.33785416666666684,0.3373843113575233
afvnm2rn,1.941249167,0.035401429,"[32,32]",0.037741316139059754,106,459,0.088809257,0.3347847222222223,0.3344173025196246
afvnm2rn,10.964584493149973,0.3796075854010766,"[16,16,16]",0.082331635,106,423,0.093598075,0.3241805555555557,0.3229961025415821
afvnm2rn,14.283567262885676,0.7010362630198744,"[16,16,16]",0.4038486316078951,104,442,0.15850216119886837,0.345138889,0.34717736180490766
afvnm2rn,11.00157670517716,0.088471317,"[32,32]",0.1663384459657016,119,354,0.24411142275599315,0.3392569444444446,0.34013448976231003
afvnm2rn,7.455385970212613,0.10931711672288182,[64],0.2636741957870142,137,297,0.077853025,0.33327083333333346,0.3314953065817644
afvnm2rn,16.03973261321753,0.020467717,"[16,16,16]",0.4146871885765921,134,410,0.30735138608786866,0.3333958333333335,0.33137563814019894
afvnm2rn,20.706467463570217,0.6410275960547882,"[16,16,16]",0.5319955439130755,111,485,0.5376851332286494,0.33150000000000013,0.3324960202009114
afvnm2rn,15.667375938298044,0.8285595315926175,"[128,128,128]",0.013182606479910982,108,467,0.004802024,0.7497013888888888,0.7360756436295766
afvnm2rn,19.25881523902145,0.894282654,"[32,32]",0.33230875183632697,125,340,0.5004603475746942,0.3431736111111113,0.34633803590053264
afvnm2rn,11.325091259192192,0.086178483,[64],0.3129644160120141,114,286,0.40384988823720575,0.32906250000000015,0.32817423285941716
afvnm2rn,4.370168408,0.919994491,"[16,16]",0.094757967,111,449,0.4356085608511242,0.33202083333333343,0.3323121260361202
afvnm2rn,15.428429122724925,0.3406757023958561,"[16,16]",0.3721252814313185,134,44,0.41715633226381066,0.33064583333333336,0.3301196684415657
afvnm2rn,17.017980090613005,0.46926055498229974,[64],0.2815014066663784,127,153,0.026903485728066872,0.4157638888888889,0.4064379425811055
afvnm2rn,7.888026890649216,0.845913312,"[64,64]",0.36997427632367064,128,297,0.009139962,0.36230555555555555,0.36068781907009934
afvnm2rn,14.244564117318353,0.13652908837068695,"[128,128]",0.4083733414270015,105,358,0.52017664,0.32803472222222235,0.3287753197562718
afvnm2rn,19.035481387841298,0.15550267345760202,"[32,32]",0.4301734197017899,128,30,0.2817309138818828,0.33526388888888903,0.33605533293077905
afvnm2rn,6.697121045391073,0.41735131233249895,"[64,64,64]",0.3000780668997258,108,460,0.10181629300084136,0.3234652777777778,0.3197996377010485
afvnm2rn,10.376971066688856,0.7245325041107161,[16],0.10862694154295804,104,66,0.10816901816216984,0.33763888888888904,0.3371504638524457
afvnm2rn,9.559529941746174,0.6097830182170157,[128],0.056056493,107,453,0.030881434766787577,0.3884583333333333,0.3811242246253499
afvnm2rn,5.692107348098263,0.3424822471627932,"[128,128]",0.3077042159888514,131,363,0.4890872527799435,0.3447500000000001,0.34771477191634204
afvnm2rn,15.898288830527648,0.4047644797603434,"[128,128,128]",0.026242922,120,234,0.22148870466351303,0.3310833333333335,0.3298611187352474
afvnm2rn,4.914298160740372,0.18717322780872675,"[32,32,32]",0.5320745877389992,119,214,0.4375557303491652,0.32997222222222233,0.3279799088763244
afvnm2rn,4.423925335501656,0.2688221431996931,"[32,32]",0.17513960118890445,101,255,0.24302079249692293,0.3247291666666668,0.3249728275786354
afvnm2rn,8.905665154467156,0.7692961654493042,[128],0.5215861890494708,107,237,0.3437278891998068,0.31812500000000005,0.3144700005489378
afvnm2rn,8.572576430185192,0.5013200234184636,"[128,128]",0.3710764505697961,120,280,0.002471196,0.6252083333333333,0.6140034034143931
afvnm2rn,20.578425611812253,0.8360322229193464,"[64,64,64]",0.5281368976010945,115,300,0.27915194280399896,0.34097222222222234,0.34398693528023294
afvnm2rn,15.28934518076882,0.1942478311364807,"[128,128]",0.10966164432456256,136,164,0.021672844,0.3761875,0.372242411
afvnm2rn,6.466069252962733,0.1825904978700147,"[32,32]",0.41482828161458907,108,403,0.32658587403502864,0.3250347222222223,0.3248010100455619
afvnm2rn,16.427294275332386,0.5378853661915873,[128],0.2785135272850197,125,102,0.14398191425703555,0.33109027777777783,0.33073008728111114
afvnm2rn,12.992161636341155,0.9195740601118402,[16],0.029060737,117,295,0.2143862670964195,0.32814583333333347,0.32875830268430595
afvnm2rn,11.726423178556097,0.31493856994338365,[128],0.4362523031567169,94,13,0.21766383601211708,0.3279305555555556,0.326218367
afvnm2rn,20.422603318392195,0.6118994362696677,"[16,16,16]",0.1171232708789216,116,273,0.30192229054398934,0.33002083333333343,0.33076686611406947
afvnm2rn,12.882229334182584,0.6942797595452735,[16],0.18937034041563905,93,371,0.14661008306909867,0.3253333333333335,0.32489158478344415
afvnm2rn,12.432485227473988,0.914523285,"[64,64,64]",0.097680765,99,11,0.3807443720539058,0.3123333333333334,0.3094527090080694
afvnm2rn,13.616979017194094,0.10845385802857072,"[128,128]",0.4661971230249683,135,170,0.5464870745144076,0.330888889,0.33010539605862665
afvnm2rn,12.845955214813426,0.097739772,[128],0.4270138192153972,129,70,0.27549932315319864,0.3420208333333335,0.3435653510457267
afvnm2rn,5.057271437496138,0.5830903526819465,[16],0.098053463,100,42,0.5448569183306622,0.3339583333333335,0.3339232584948127
afvnm2rn,3.957858226400474,0.9017026502836288,"[16,16]",0.047820161,105,19,0.13660801702283729,0.3336805555555556,0.33349618488225297
afvnm2rn,14.767565475115168,0.38213447170527226,"[16,16,16]",0.15254452428754214,105,365,0.11888207200796656,0.3244583333333334,0.3222522918153373
afvnm2rn,17.479318398965905,0.16521490018875876,[64],0.4803761923756055,137,238,0.011768433571820622,0.6280625,0.6135368062798484
afvnm2rn,2.753681664869582,0.13904090253105986,"[64,64,64]",0.4838447010722781,99,254,0.009426743,0.3369166666666667,0.3334100016468134
afvnm2rn,12.346276071707685,0.4678117445850867,[128],0.2555099584929418,97,359,0.3136492357368415,0.33466666666666683,0.33638689136520844
afvnm2rn,6.5139790332623635,0.6866048948878716,"[32,32,32]",0.31186516009699855,119,368,0.13846748226215236,0.3336111111111113,0.3338491518910909
afvnm2rn,6.883079554928098,0.10208009541819904,"[64,64]",0.18561121543785855,111,407,0.3006990833816008,0.3456250000000001,0.3471976725037054
afvnm2rn,11.510512232287953,0.7553390528771265,"[32,32]",0.300320904,98,4,0.3927834036352755,0.3340972222222224,0.3367491903167372
afvnm2rn,6.0752807699105285,0.9794054643943696,"[64,64]",0.474476075,109,369,0.2114843958119492,0.34550000000000003,0.3498935060657628
afvnm2rn,7.099703481367008,0.951019138,"[128,128]",0.3263572505497759,102,371,0.3425533593532181,0.3367708333333334,0.33586924301476656
afvnm2rn,7.004307529279916,0.8886308223563063,"[64,64]",0.081191468,129,19,0.10093466628383796,0.3400277777777778,0.3417928308722622
afvnm2rn,8.341270645378387,0.4231053137326523,[128],0.10919239013978203,127,437,0.5227424988107059,0.3204444444444444,0.3189218861502992
afvnm2rn,16.935205469160348,0.9895582806630208,[32],0.1091424785329362,100,430,0.4466189878178097,0.3222986111111112,0.3202651369599824
afvnm2rn,10.03702740985357,0.4686197498541632,"[16,16,16]",0.008588753,118,3,0.20900590278015269,0.333076389,0.3335351594664326
afvnm2rn,8.405091481440355,0.8451086800274243,[32],0.011106715850584745,121,165,0.4922559996927106,0.33223611111111123,0.3320799253444586
afvnm2rn,3.1172852443957746,0.4856583293961241,"[64,64,64]",0.016062028647286265,113,132,0.4602396943409429,0.3338611111111112,0.3346110775649121
afvnm2rn,8.919146551690154,0.4818242023271592,[64],0.452070786,110,402,0.5162184302519053,0.329638889,0.32782620629082737
afvnm2rn,1.536987031566927,0.40418780871575694,"[64,64]",0.4071910240741617,131,482,0.4289655330468171,0.33756250000000015,0.3375566778284022
afvnm2rn,16.270991747899046,0.9945089826533688,[128],0.009742049,137,100,0.1647299502686067,0.34922222222222227,0.3482587692814405
afvnm2rn,16.48421997786902,0.3940809485231914,"[128,128,128]",0.1124532502406774,121,319,0.27345263494716027,0.3338333333333335,0.3340566503815119
afvnm2rn,10.659147674514974,0.6770702359247053,[32],0.44611088059400017,98,135,0.4220388284498987,0.33215972222222234,0.3323351814239448
afvnm2rn,18.78283676073993,0.5453341589269539,"[64,64,64]",0.553537755,134,313,0.28936576129949815,0.33840972222222243,0.3399143657023661
afvnm2rn,14.355649064106744,0.066337057,[16],0.5438818999188941,124,193,0.17216946668906863,0.32508333333333345,0.3247933249162871
afvnm2rn,8.041056272008015,0.8301247451996864,"[16,16]",0.4907970046610147,134,94,0.5279472665179353,0.3244166666666667,0.32223747
afvnm2rn,16.731225276523844,0.6431207461604583,"[128,128,128]",0.060424615682045296,109,241,0.19441225802255227,0.32876388888888897,0.3283498929571281
afvnm2rn,5.276453991,0.011012679712606605,[32],0.14881753000733117,138,101,0.051843647,0.3503472222222223,0.34891310314541374
afvnm2rn,7.949417295957418,0.7197637849017667,"[64,64,64]",0.328103482,94,453,0.3870035338867122,0.35843750000000013,0.3626749739254545
afvnm2rn,1.991798732342429,0.9395918733006288,"[128,128,128]",0.025703419559120793,133,307,0.40674681733260654,0.33319444444444457,0.3319893506065764
afvnm2rn,18.457371263942427,0.18115917229682252,[32],0.3434612272327566,93,234,0.5361623363077119,0.32618750000000013,0.32411099522424114
afvnm2rn,5.661395212593837,0.9560513284802384,"[64,64]",0.24688943151116827,104,247,0.16308798868042448,0.3294305555555556,0.3263512104078608
afvnm2rn,3.5698178253513793,0.5787243478977896,"[16,16,16]",0.068381301,132,492,0.10316774193622782,0.33290972222222237,0.33339847395290123
afvnm2rn,9.068128721272512,0.4038048098264409,"[16,16]",0.13494026899454986,112,89,0.492172895,0.3254583333333334,0.32454191140143834
afvnm2rn,14.293953485541376,0.7133643512880413,"[64,64]",0.38233616276633614,127,438,0.1883708490888353,0.33278472222222233,0.3334198825273097
afvnm2rn,13.221241327109086,0.9462200294249852,"[32,32]",0.26867939265047486,113,367,0.2600608679691523,0.3210694444444445,0.3216061920184443
afvnm2rn,1.1512290714286972,0.6961219134005745,[64],0.18750263563422304,115,276,0.3035461008185735,0.3366875000000001,0.3380737772410387
afvnm2rn,2.279520105100897,0.5668118243159398,[16],0.4599284908258368,93,442,0.28202758227939145,0.33597916666666683,0.33561124224625366
afvnm2rn,13.54632240883948,0.085566887,[32],0.23354817736366212,96,470,0.4437548853607965,0.3313750000000002,0.32968930120217393
afvnm2rn,3.2799165032383804,0.85240747,[128],0.3711969711625921,127,87,0.4187929017768951,0.3363680555555557,0.3356666849645936
afvnm2rn,4.786229809877076,0.9014911912441066,"[16,16]",0.073922637,93,255,0.089957841,0.3341180555555556,0.33155129823790974
afvnm2rn,4.5860510647914206,0.7914948883441649,[64],0.4882035629188199,121,289,0.086961708,0.3428125000000001,0.3413778338914202
afvnm2rn,9.561001712996614,0.954521825,"[128,128]",0.003644679,111,182,0.050511377099789485,0.3279513888888888,0.32164791129165066
afvnm2rn,3.2070406911663087,0.8806604072932245,[64],0.1896208600264752,108,169,0.4834635683717268,0.3447708333333335,0.3448213207443598
afvnm2rn,15.24133506760124,0.7435952661603717,"[64,64,64]",0.070092323,108,167,0.5065945227732673,0.33439583333333345,0.3336658066641051
afvnm2rn,16.652473652229368,0.7289313921809683,"[64,64]",0.385611497,104,299,0.48889947969691233,0.34606250000000016,0.3469391227973872
afvnm2rn,19.493736453277208,0.5919031054770746,"[32,32]",0.090245782,105,455,0.028933473,0.33056944444444447,0.3253598287314048
afvnm2rn,19.298576147470072,0.074572446,"[16,16,16]",0.3685144034218873,110,109,0.096680007,0.33630555555555575,0.33562276994016593
afvnm2rn,19.092902847711706,0.056410105568410536,"[16,16]",0.5011430662876751,109,477,0.037424105303641715,0.3397361111111111,0.3360756436295768
afvnm2rn,1.452026804207362,0.6749606076425329,"[32,32]",0.5413491788127814,106,454,0.078239616,0.33246527777777785,0.33115002470220134
afvnm2rn,6.918399757374323,0.7251100631535936,"[128,128]",0.5018463378872181,97,101,0.13063969397750608,0.33852777777777787,0.3376977548443763
afvnm2rn,5.9799352294846395,0.088780841,[64],0.11118018116222857,101,52,0.2882080025940697,0.34187500000000015,0.34365153428116607
afvnm2rn,2.471934255224968,0.1211609790241309,[32],0.40973983735427216,120,461,0.017337163,0.5593472222222222,0.5422418619970357
afvnm2rn,14.67765219491667,0.973206581,"[32,32]",0.092968137,137,444,0.038957018,0.33833333333333343,0.3367294285557446
afvnm2rn,18.23775263912186,0.46714032043189946,[64],0.3189712411171155,110,76,0.2541265279017239,0.3146666666666667,0.31075149585551953
afvnm2rn,15.61333266530255,0.9135704191345184,"[64,64,64]",0.22302677320611455,125,294,0.45507183427500497,0.3454027777777779,0.34722566833177815
afvnm2rn,7.456395990366751,0.11974146243055502,"[16,16]",0.448922533,122,440,0.28508596569822503,0.33439583333333345,0.33366800241532646
afvnm2rn,17.58720647901946,0.20964375969783652,"[32,32,32]",0.5064078647232206,115,460,0.26091527006543974,0.3279791666666668,0.3287742218806611
afvnm2rn,19.600694255495547,0.979172543,"[64,64]",0.3074433547343998,94,293,0.2691816755140203,0.3295555555555557,0.3275956524125817
afvnm2rn,7.0278214654828695,0.4731048988974772,[128],0.4489780789461983,106,392,0.2957768579443664,0.3454791666666668,0.34728385573914494
afvnm2rn,16.866098336004086,0.40698936959759274,"[128,128,128]",0.3012858175472878,119,464,0.30757063743037066,0.3369791666666668,0.33790141077015984
afvnm2rn,5.639846273267627,0.7715509833788865,"[128,128,128]",0.380684891,123,427,0.4358542943024239,0.3307916666666668,0.3300334852061262
afvnm2rn,13.672271277507388,0.5529939893459943,[128],0.2860357001024306,104,394,0.2847752604340779,0.32100000000000006,0.3185332381841138
afvnm2rn,7.565776712744438,0.012308692254540447,"[128,128]",0.096389636,98,230,0.1874471641276965,0.3413125000000001,0.34110281605094156
afvnm2rn,4.870672575158967,0.17031399410149411,"[128,128]",0.023770269793654517,115,3,0.4198076065584317,0.3279166666666668,0.3259702475709503
afvnm2rn,19.984982138301337,0.637839718,[32],0.5158075669302399,100,45,0.2097480514358532,0.32593750000000016,0.32414448043036725
afvnm2rn,12.479422506834004,0.5907980261660968,[64],0.3511067540501776,137,454,0.2649567651203493,0.3392916666666668,0.3394164791129166
afvnm2rn,9.448449676,0.9830518135991564,"[32,32]",0.23725390581292288,100,482,0.4793392053120396,0.33053472222222224,0.32910742712850644
afvnm2rn,15.25059634168058,0.1853565176579564,"[64,64]",0.3963986533019068,117,389,0.3113421450019522,0.33770833333333344,0.3374704945929628
afvnm2rn,13.175747937866678,0.6589667565267328,"[32,32,32]",0.3403621595358008,119,364,0.2510392760445792,0.3298333333333335,0.327827304
afvnm2rn,12.444279435566315,0.2936050749264323,[16],0.25880257910317456,128,207,0.2123835190983401,0.32620138888888905,0.32412965910962294
afvnm2rn,8.570246746354524,0.4585932181636553,"[32,32,32]",0.5246626579639754,127,162,0.040651302,0.33300000000000013,0.3291315803919417
afvnm2rn,9.716733229049249,0.5337000428104784,"[32,32,32]",0.3782869081994439,121,480,0.3664359111082843,0.3284791666666668,0.3285178679255642
afvnm2rn,12.333461219141263,0.5001037184655113,"[128,128,128]",0.085054924,109,423,0.29313724912383754,0.3310833333333335,0.32986111873524737
afvnm2rn,12.806292543251264,0.93729369,[16],0.35219069992674207,126,18,0.4321081342863888,0.3349236111111113,0.33569083822802886
afvnm2rn,17.082319866339457,0.12800570810017023,"[16,16,16]",0.20219009753670303,121,437,0.5022085827757935,0.3423402777777779,0.3431948180271177
afvnm2rn,5.089207981906022,0.6820893374874673,[64],0.5400286511264454,129,340,0.070855243,0.33565277777777786,0.3316210133391888
afvnm2rn,2.2132865848593406,0.8359267889358566,"[128,128,128]",0.082057804,115,228,0.2525466921328223,0.3326666666666668,0.3321145084261954
afvnm2rn,10.973357721389403,0.29733901776555344,"[32,32]",0.20761128997083036,116,114,0.29458880718373237,0.3286250000000001,0.3284327825657354
afvnm2rn,20.606950305063258,0.9055965563597596,"[32,32,32]",0.4332022250007164,113,379,0.34971025252437465,0.32644444444444454,0.3270489103584564
afvnm2rn,5.541433715105741,0.3770064241306944,"[16,16,16]",0.012307068268090433,135,144,0.4500838953157039,0.3319444444444446,0.3322407641214252
afvnm2rn,2.6619896522674975,0.331235425,"[64,64]",0.093182899,105,261,0.28766218131286286,0.34691666666666676,0.34931547455673284
afvnm2rn,14.480452526758237,0.8481841385080372,"[32,32]",0.38532729669370874,109,248,0.28458814420113593,0.32560416666666675,0.3244562771038042
afvnm2rn,3.913768768896417,0.9984285480192938,[128],0.072875974,135,41,0.5080836239083185,0.34259027777777784,0.34331942690893125
afvnm2rn,13.521919838328472,0.019260158,"[64,64,64]",0.4028941375786581,133,485,0.30760496320505565,0.3439791666666667,0.34573859581709404
afvnm2rn,17.831273748985286,0.6236045516332904,"[16,16]",0.341605933,102,391,0.1804499508495969,0.3375694444444446,0.3375720480869519
afvnm2rn,8.866722176648757,0.7642775727987406,"[128,128]",0.2320902795743499,132,33,0.5101873663691224,0.32891666666666675,0.32826041609485657
afvnm2rn,2.1026331832353407,0.4502420959368271,"[128,128,128]",0.34561276176357747,127,232,0.5366068181438478,0.331951389,0.332246802
afvnm2rn,11.92983371883378,0.7650341756957044,"[64,64,64]",0.5152633739254467,115,54,0.24812024559110063,0.3269375000000001,0.32661799418125936
afvnm2rn,19.24855351960245,0.2118946641430509,[16],0.5264323305192374,97,155,0.039951036,0.34219444444444447,0.3368765438875776
afvnm2rn,14.091118922152525,0.35061713891979457,"[64,64]",0.5296498192694353,107,318,0.17022945377727508,0.34168750000000014,0.3440451226875997
afvnm2rn,18.04433738,0.9904051453631266,"[16,16]",0.3512310310555265,133,318,0.4656759579016987,0.3350555555555556,0.33395070538507987
afvnm2rn,0.4175180114208232,0.1415686090929393,"[128,128]",0.5259984851794748,118,393,0.5140735409411489,0.33530555555555563,0.3369737058791241
afvnm2rn,12.757217455225788,0.16068655490124237,"[16,16,16]",0.3222251159385046,117,152,0.4911500954841345,0.3436250000000001,0.34261678651808763
afvnm2rn,16.238472999273213,0.21701470272816997,"[64,64,64]",0.1753310533832828,135,74,0.23459684821945184,0.3348333333333334,0.3366322665641984
afvnm2rn,1.898836319057882,0.7082727959113637,"[128,128]",0.2232409800074601,108,417,0.2994006385337481,0.3191319444444445,0.31676291376187077
afvnm2rn,16.119448350072776,0.5538834137006555,"[16,16]",0.39479041526475006,111,257,0.091500889,0.3258541666666667,0.32252621178020535
afvnm2rn,4.953074788839736,0.24152697307721505,[64],0.548192223,96,309,0.3231827860422427,0.3276250000000001,0.32614371191743985
afvnm2rn,9.979601291341368,0.6073797148923836,"[16,16,16]",0.1105332151029446,109,363,0.5017376088668026,0.32718750000000013,0.32640171268595275
afvnm2rn,16.458600040326832,0.12728184119643374,"[64,64]",0.3783580034696435,133,293,0.4767865051048037,0.3348333333333335,0.3334072569577868
afvnm2rn,0.7557840566248599,0.24448449706117997,"[16,16]",0.4758824481614364,100,377,0.43880391916750294,0.3366875000000002,0.3380737772410387
afvnm2rn,9.622745812863506,0.7591468547927459,[32],0.052338096,131,408,0.11951697877192256,0.32863194444444455,0.3284514464511172
afvnm2rn,6.0374088941534785,0.20814069505341903,"[64,64]",0.4114387708486584,95,420,0.31593056190355623,0.3291875000000001,0.32807048361420654
afvnm2rn,16.44385067620048,0.5400177172660574,"[64,64]",0.075342454,100,286,0.01290127,0.6920347222222222,0.6788938903222267
afvnm2rn,15.420098068774454,0.45014158336710064,[64],0.27971804338432943,105,72,0.11514007920219672,0.3322152777777779,0.32995718285118303
afvnm2rn,19.860625460709688,0.086212192,[32],0.384194674,112,277,0.129443434,0.3460625000000001,0.3469391227973872
afvnm2rn,4.534357354638767,0.9877338506866122,"[16,16,16]",0.3723182533143661,128,111,0.2681200938216743,0.3392777777777779,0.3370933743206896
afvnm2rn,10.118547453967462,0.805582862,"[32,32]",0.10494454550495665,120,381,0.38695942895277696,0.34331250000000013,0.345683153
afvnm2rn,6.311650888934234,0.7297266785086749,"[16,16,16]",0.15431718352486495,130,442,0.24429181414078183,0.32458333333333345,0.32505901081407484
afvnm2rn,1.142523382,0.12209032897625029,"[128,128,128]",0.5288841301261468,94,209,0.3276739914023991,0.3366805555555557,0.3377455124334414
afvnm2rn,16.141634395120008,0.3021258234714113,"[64,64]",0.055957822,94,268,0.044430176,0.3360000000000001,0.3326376461546907
afvnm2rn,5.0359050922875515,0.4979881074142915,"[64,64,64]",0.31498065204622333,95,94,0.04815358,0.33531944444444456,0.33321677553933143
afvnm2rn,2.298640707044608,0.2335645956963017,"[128,128]",0.47230620702339426,131,227,0.4173518402487606,0.33415972222222234,0.33313717955755623
afvnm2rn,8.632281781291944,0.16355007472604435,[64],0.16171166773265586,137,430,0.4975345778729666,0.34058333333333346,0.34153647691716543
afvnm2rn,7.923631623251763,0.4755327207836461,"[32,32]",0.23372650166507375,124,296,0.13802217706130282,0.3323125000000002,0.3320030740517101
afvnm2rn,9.398446080899692,0.18027130785432552,"[64,64]",0.5544028763078476,138,324,0.3450909760414415,0.3286111111111112,0.3286435746829885
afvnm2rn,11.26927306118544,0.9123354462708514,[64],0.30030404697411384,135,354,0.042645553,0.3708125000000001,0.36779766152494936
afvnm2rn,2.952373991462228,0.8565634440662382,"[32,32]",0.5481759824694464,99,294,0.281163346,0.32690277777777793,0.32399462040950766
afvnm2rn,20.255792987766775,0.4727675850119666,"[16,16,16]",0.4272617139595325,105,29,0.21695522268151277,0.3356875000000001,0.3357858044683539
afvnm2rn,11.17954605,0.7988862766505551,"[16,16,16]",0.32631081477541285,120,479,0.2751356186766104,0.3434583333333335,0.34559367623648257
afvnm2rn,5.648914785933078,0.10821852394668507,[16],0.10603862103079512,119,146,0.11165515275401536,0.33683333333333343,0.3379875940055993
afvnm2rn,20.386523129075012,0.634621654,[64],0.14713894092370053,124,150,0.43846789239695055,0.3260416666666668,0.3241971784596806
afvnm2rn,5.1812046490758625,0.696839307,[128],0.3314954293714519,119,81,0.5395568760108166,0.3368194444444446,0.33797716418729773
afvnm2rn,19.22956417696488,0.897215427,"[128,128,128]",0.037862293,115,154,0.089255624,0.33463888888888893,0.33184443102596484
afvnm2rn,0.2795637969314975,0.3554027752630618,"[32,32,32]",0.398879429,121,43,0.28247251424544073,0.3267847222222223,0.3268298841741232
afvnm2rn,7.241338783967979,0.6550942302534618,[128],0.16945017819551142,136,111,0.1870335310626532,0.33131944444444456,0.3298424548498656
afvnm2rn,18.138789981452422,0.04890363,"[16,16,16]",0.037296034,134,214,0.5532129402938513,0.32691666666666674,0.3266092111763738
afvnm2rn,19.645749670670043,0.9724173557512332,"[128,128]",0.5508332354604855,93,175,0.08317168,0.3347430555555556,0.3340023055387825
afvnm2rn,15.388658880662405,0.7062996939491136,"[64,64]",0.4278242600478729,113,158,0.081913977,0.3485555555555557,0.3499275402096943
afvnm2rn,20.12064247041483,0.39756673375972473,"[16,16]",0.4034489069210864,129,229,0.082577249,0.32782638888888904,0.3259493879343471
afvnm2rn,12.254070971804918,0.5387706292396979,[16],0.15511039121392944,99,240,0.49488366601787503,0.33770833333333344,0.3374704945929628
afvnm2rn,15.083383823215057,0.000882088,[16],0.1869270232699987,115,185,0.234065396,0.33337500000000014,0.3342690893121811
afvnm2rn,11.851035308061247,0.1262193525418316,"[128,128,128]",0.11688188781702644,114,152,0.1319922993148809,0.32765277777777785,0.3294076961080311
afvnm2rn,9.391508222796444,0.8316106873452663,[16],0.28451685374509095,127,404,0.5491099026483481,0.3369722222222224,0.33790031289454914
afvnm2rn,20.90006950016198,0.8404976329778752,"[128,128]",0.42565422,108,19,0.18318829151011437,0.3165902777777778,0.3148685293956195
afvnm2rn,5.547042615962019,0.15836363352496416,"[16,16]",0.2612553971181625,106,162,0.052522183345176235,0.32625694444444453,0.3235335126530165
afvnm2rn,5.106319736907479,0.49403942029860487,"[32,32]",0.28954596428184265,136,185,0.4684400351777067,0.3215625000000001,0.32108195641433823
afvnm2rn,10.703710524070068,0.4835696940295815,"[128,128,128]",0.39628445099529336,119,93,0.29687937315526614,0.3406041666666668,0.3414058297194929
afvnm2rn,12.671937757045525,0.6647386701926509,"[32,32]",0.5000909564781292,107,120,0.23499908063822209,0.33989583333333345,0.33909205686995675
afvnm2rn,5.7821858505259325,0.8733394600744975,"[16,16]",0.3182002971717647,111,342,0.5116258084424451,0.3400833333333334,0.3399714552341221
afvnm2rn,6.440472427106765,0.2991434407715276,[64],0.017007812726930083,96,428,0.01740538,0.6033333333333334,0.5868639183180545
afvnm2rn,0.9275347896060148,0.5634437901798901,"[32,32,32]",0.46254424197986327,127,209,0.1832196344442169,0.3346319444444446,0.33507163638359794
afvnm2rn,11.024395873735962,0.746683344,"[16,16,16]",0.40108043577009217,137,105,0.13323916257520554,0.32740277777777793,0.3267996925948291
afvnm2rn,12.414676351282523,0.27202944231968007,"[64,64,64]",0.24416645469653145,122,154,0.2488262245365369,0.3190486111111111,0.3172026129439534
afvnm2rn,16.597768381360073,0.945457573,[16],0.13355608071429856,137,219,0.4327241066967912,0.3406666666666668,0.3415260470988638
afvnm2rn,6.655442070396112,0.050681735,"[32,32,32]",0.5318656793939267,99,123,0.071382216,0.34086805555555566,0.34045232475160575
afvnm2rn,17.838765314986773,0.5753964173967793,"[16,16]",0.058914536,129,267,0.035237208,0.34276388888888887,0.3387692814404128
afvnm2rn,1.2398669597040035,0.095076155,[128],0.16820888466714207,110,294,0.082694385,0.33741666666666675,0.33710380413899116
afvnm2rn,2.7073149361959525,0.1789980616608536,[32],0.27570647205206106,122,26,0.448417768,0.3558472222222224,0.3584316846901247
afvnm2rn,13.43654584316456,0.4909267258921489,"[128,128,128]",0.3206430418332247,112,141,0.023090436770828903,0.33386111111111105,0.3283471482681013
afvnm2rn,17.314028045142884,0.446224693,"[64,64]",0.038110353,135,13,0.27297430543697915,0.3333472222222224,0.3333271120382062
afvnm2rn,19.008165263992257,0.31545098834848445,"[16,16]",0.32970807282449727,130,451,0.2013529663167745,0.32234722222222234,0.32065433386397324
afvnm2rn,14.142594912380284,0.7192139935345283,"[64,64,64]",0.089664725,128,493,0.2542141841186019,0.33727083333333346,0.33772904429928097
afvnm2rn,14.836514608408296,0.18273491842812903,[64],0.15902754232588895,128,79,0.4457773129818521,0.34474305555555573,0.34502168304331127
afvnm2rn,19.147878313182936,0.7519573638063783,"[32,32]",0.18469684511906656,102,4,0.381834832,0.33463888888888904,0.3332908821430533
afvnm2rn,4.536708631142775,0.6106269954192728,[128],0.43263382984563337,128,136,0.37905252691239216,0.3532708333333335,0.3542037657133449
afvnm2rn,12.943566914635031,0.8174580043098738,"[64,64]",0.15789769732078407,130,97,0.095104097,0.33741666666666675,0.33805127079101943
afvnm2rn,0.8563750158624546,0.48066747322386294,"[64,64,64]",0.1545378110082429,124,84,0.12070619342845532,0.32525694444444453,0.32481747817972234
afvnm2rn,20.558762630799652,0.16460896244670173,[32],0.2884092621519128,115,446,0.5108012623507556,0.33943750000000006,0.3393297469396719
afvnm2rn,20.97114588131387,0.041278518,"[16,16]",0.3272727087133465,123,147,0.092429819,0.32819444444444457,0.3264620958445409
afvnm2rn,7.664138519472246,0.975179163,"[128,128]",0.13775173261860324,125,460,0.3701804866958381,0.3188055555555555,0.31746610309051987
afvnm2rn,18.106959353490044,0.1829289337418114,"[128,128,128]",0.18637241176215633,109,362,0.016112709,0.33179166666666665,0.326430806
afvnm2rn,19.342772853569596,0.018181696,"[32,32,32]",0.005893754,127,112,0.057450426,0.33049305555555547,0.32614261404182904
afvnm2rn,5.530119847,0.097035491,"[64,64,64]",0.2938631140032594,93,206,0.3880617374438988,0.3228541666666667,0.3202794093429215
afvnm2rn,9.357328766330284,0.6065102163782747,[64],0.32926466942563004,110,474,0.096864639,0.3349791666666668,0.33448701762090366
afvnm2rn,11.61180651510873,0.072271157,[32],0.17201167020627126,100,349,0.16257201345648875,0.3423125000000002,0.34339298457484785
afvnm2rn,1.4063944942522837,0.8862414478604881,"[16,16]",0.44362538223844966,131,302,0.3281287412058833,0.34878472222222234,0.351092386
afvnm2rn,11.231483022463046,0.3242790556935719,"[128,128]",0.16629357146293447,125,412,0.35561288128780105,0.3155208333333334,0.31312784761486523
afvnm2rn,0.6852158029948783,0.28705277968897736,"[32,32,32]",0.063107956,100,473,0.3732097408226025,0.32416666666666677,0.32242630509963227
afvnm2rn,19.11088502061285,0.6134983708465174,"[16,16]",0.078843194,116,132,0.456623921,0.33929166666666677,0.33941593017511124
afvnm2rn,10.924037342217918,0.3943791238784342,"[16,16]",0.4946277173436216,131,454,0.26716553826051526,0.33322916666666685,0.3343552725476205
afvnm2rn,8.182543252528514,0.22056236416255695,"[64,64,64]",0.18094041137932176,117,82,0.4393061311109563,0.3456250000000001,0.3471976725037054
afvnm2rn,15.011561378399906,0.8732607305226401,"[16,16,16]",0.10469532214582504,110,227,0.4319762063459857,0.3349652777777779,0.33623318877971137
afvnm2rn,3.0918234880141044,0.4710049652391228,"[128,128]",0.046637357,110,80,0.22115558185031148,0.3307916666666668,0.33003348520612635
afvnm2rn,15.798507336845226,0.6173983191834784,[64],0.41496232649435777,112,357,0.17305012997138872,0.3389375000000001,0.34111708843388056
afvnm2rn,3.515946806488511,0.8153500559932841,[32],0.0628796,122,12,0.1177410462478274,0.3520069444444445,0.35566888071581493
afvnm2rn,1.090836324,0.864659977,[32],0.4928653051232562,127,124,0.29898910672204143,0.3318680555555557,0.3318455289015756
afvnm2rn,7.410838978621389,0.9887828516846056,[64],0.072426173,111,460,0.22421309024097763,0.33891666666666664,0.33885491573804694
afvnm2rn,20.844221360587056,0.48506010559250873,"[128,128]",0.4826830353996095,116,450,0.31690713685226446,0.33486805555555565,0.3358472855025527
afvnm2rn,7.781796668,0.082712964,[32],0.082351725,112,268,0.034481226712514024,0.3411805555555555,0.3343228852171049
afvnm2rn,2.113224785306953,0.593503972,[16],0.19652377118969516,104,74,0.39999679729868337,0.32460416666666675,0.32216555964209265
afvnm2rn,18.50516327114587,0.20095086336700585,[128],0.2740781121343326,129,329,0.3027439762024642,0.3192847222222223,0.31682549267168036
afvnm2rn,4.1257041194571435,0.3599110640756338,"[32,32,32]",0.014992697898964352,120,419,0.5017594222829831,0.3307916666666668,0.33003348520612624
afvnm2rn,12.814144212773218,0.9002655051625378,[16],0.30025664746255687,119,328,0.5416230492846805,0.34000000000000014,0.3418784651698964
afvnm2rn,4.347463435965904,0.2570152847142575,[128],0.5246225464264335,119,348,0.007457859,0.6697222222222223,0.657312949
afvnm2rn,15.033275376608971,0.3813738216853107,"[128,128,128]",0.115460328,125,485,0.541223224,0.3436041666666668,0.34551078662787515
afvnm2rn,17.889159581383126,0.076803507,[64],0.3316521236302533,105,422,0.4278447204347113,0.32677777777777783,0.3237805346654225
afvnm2rn,10.672260074718118,0.3352428021464772,"[32,32]",0.062417705,131,252,0.17048355069394006,0.3302291666666668,0.3304018224735139
afvnm2rn,15.15242104174204,0.35472496236635953,"[64,64]",0.10653869531063904,130,259,0.20159358702579963,0.33627083333333346,0.33543887577537485
afvnm2rn,14.349538164526455,0.7259332074717142,[128],0.025560693182031503,92,475,0.10355739010721932,0.3342847222222224,0.3345216007026406
afvnm2rn,16.63444034864514,0.9454283789261452,[128],0.1773931470635849,97,173,0.091272036,0.35032638888888884,0.34696217818521163
afvnm2rn,7.755422799055677,0.44259723007057467,"[64,64]",0.22823144151070016,132,435,0.5547075768531575,0.3338125000000002,0.3340105396058628
afvnm2rn,20.700520254810183,0.5401474235609179,[64],0.36925023688012915,126,466,0.24771407998475256,0.3325277777777779,0.3318960311796675
afvnm2rn,14.624094086998904,0.5440734545052073,[32],0.35041573446903257,125,135,0.2154009808080801,0.34353472222222237,0.3450381511774717
afvnm2rn,16.056575228532814,0.2643438584982605,"[32,32,32]",0.39043089519151225,106,154,0.018821206703104488,0.3280625,0.32456167316243073
afvnm2rn,1.6664721124000332,0.6969338464388938,[16],0.10685168037341616,138,15,0.3910073370306728,0.33022916666666674,0.3293742109019049
afvnm2rn,6.440714571184909,0.3440681498790801,[128],0.4041885286186803,102,320,0.12102448308180036,0.33976388888888903,0.3390618652906627
afvnm2rn,2.3091291786699317,0.5056500569785999,"[64,64,64]",0.48161882637776354,111,498,0.4393607162350633,0.3369027777777779,0.3379069001482133
afvnm2rn,19.203687922720594,0.5540178748772402,"[32,32]",0.3344531509612022,134,285,0.49970449462857375,0.32041666666666674,0.31887797112587146
afvnm2rn,17.81149839875996,0.23301462174882995,"[128,128]",0.41682352887206353,118,100,0.4525781928808968,0.3306180555555557,0.33300927704891053
afvnm2rn,3.0688911545892212,0.34597585260661134,"[128,128]",0.4724727105992589,109,88,0.4137523076090311,0.3482430555555557,0.3496591096228798
afvnm2rn,19.72126951725605,0.012301087449583373,"[16,16,16]",0.014525757124740931,95,364,0.24195480984149695,0.3348402777777779,0.33665038151177484
afvnm2rn,15.345838451919194,0.18879618181007912,"[128,128,128]",0.065533475,102,446,0.077091756,0.3339166666666668,0.33321403085030477
afvnm2rn,19.63532406655135,0.9045401752172773,[32],0.4874962179092892,105,244,0.2010294369626505,0.3383611111111112,0.3388126475270352
afvnm2rn,0.7553942699305638,0.041036182468862384,[16],0.066490198,93,238,0.1985160189605473,0.3374166666666668,0.3376428610638416
afvnm2rn,2.3338873519480536,0.8358815487408646,"[128,128,128]",0.2036951478929722,134,104,0.16990494967057398,0.34370833333333345,0.34438381731349854
afvnm2rn,5.011420540924372,0.5780762234763687,"[64,64,64]",0.32644568817165737,95,459,0.5056921946022711,0.3411458333333335,0.3440824504583632
afvnm2rn,6.585418506826221,0.13142131401968435,[64],0.096138032,118,401,0.3886134720874335,0.34875000000000006,0.34819509249602026
afvnm2rn,17.40942434154267,0.5327329943031505,"[64,64,64]",0.271451837,95,204,0.3761578521868289,0.33568750000000014,0.33578360871713253
afvnm2rn,13.154337408004135,0.8693724339993772,[32],0.041374483025083536,104,398,0.433979778,0.3423055555555557,0.34359224899818863
afvnm2rn,6.805011899734496,0.095653775,[128],0.1594634159737706,107,316,0.3404450132482356,0.3425972222222224,0.34321183509908343
afvnm2rn,4.757425426774188,0.27318348205356324,"[16,16,16]",0.1810004371453461,125,305,0.10365157969437531,0.34777083333333353,0.3490206949552617
afvnm2rn,13.950382218336744,0.5203229680650951,[128],0.047049292809077825,111,232,0.42286604247937143,0.33942361111111125,0.33931327880551143
afvnm2rn,1.8610100008391464,0.16228171681419395,"[64,64]",0.095039798,109,59,0.2576124006507926,0.31912500000000005,0.3167596201350387
afvnm2rn,15.358660735072776,0.5519535770124048,[64],0.15425709516560998,99,17,0.27780261175965537,0.33627083333333346,0.33543887577537473
afvnm2rn,0.6918835352685941,0.059774374,"[128,128]",0.040028841794936314,135,250,0.503013517,0.3495000000000001,0.35355107866278757
afvnm2rn,13.624187012976265,0.4863396199212293,"[128,128]",0.1560444084562273,95,235,0.3959211,0.31970833333333337,0.31641543613108636
afvnm2rn,20.416750303811135,0.6343293305822958,[32],0.017907703,133,207,0.35289227754462993,0.3325902777777779,0.3321150573640008
afvnm2rn,14.31370360804927,0.18880508513609748,"[128,128,128]",0.31894005344570436,108,265,0.2617811949488938,0.3255069444444446,0.32431959159027296
afvnm2rn,11.436649445708555,0.24620158252327323,"[64,64,64]",0.36108628638431106,119,454,0.17519437175135089,0.3347222222222224,0.33353186583960054
afvnm2rn,12.363894590964213,0.793674254,"[64,64]",0.5234509164778417,113,161,0.4828055193091108,0.33123611111111123,0.3297749354998079
afvnm2rn,14.303736683857284,0.20201579372624465,[128],0.006365154,105,156,0.3173032281621652,0.3207430555555556,0.3188999286380853
afvnm2rn,3.593855718515204,0.7152704561995264,[32],0.5311156928988428,137,261,0.5312547078708141,0.3376944444444446,0.3376082779821048
afvnm2rn,18.151646685464502,0.5176003738895208,[64],0.3317438094483147,112,416,0.38747091701147574,0.34820833333333345,0.35143327660976026
afvnm2rn,11.32688672840323,0.6728344561638614,[16],0.13844605134994897,113,476,0.5060340464848078,0.3398541666666668,0.34196464840533586
afvnm2rn,17.131660509301156,0.6870040681067571,"[64,64]",0.23108671702700465,92,216,0.22822096574846237,0.34938888888888897,0.35076137673601593
afvnm2rn,6.2243493711188815,0.31795877928766997,[128],0.027578280485270543,113,362,0.1475239318563093,0.3339375000000001,0.3314876214524896
afvnm2rn,5.217711081929029,0.16591522730775515,"[16,16]",0.27442584801125397,138,2,0.4542382839689122,0.31566666666666676,0.31313333699291873
afvnm2rn,15.243141644615267,0.8318352618134041,"[64,64]",0.47645131144404984,125,97,0.4365604349307031,0.34351388888888906,0.34411209309985197
afvnm2rn,3.290646328,0.7487669312568238,"[32,32]",0.25832058824403326,103,339,0.4278373396111033,0.3370833333333334,0.3383334248229677
afvnm2rn,5.753370541974438,0.022002851044957472,"[32,32]",0.48425815019192187,100,95,0.16234736522478557,0.34706944444444454,0.3492419168908164
afvnm2rn,11.023158235342008,0.49604074880894194,"[32,32,32]",0.1520299038033798,110,481,0.4885682271732104,0.33408333333333345,0.3367316243069661
afvnm2rn,20.737055690521736,0.909646584,"[64,64,64]",0.4855227253777428,124,319,0.3754559401669798,0.34288888888888897,0.34293681725860475
afvnm2rn,8.374930369635589,0.896000397,[128],0.3879685825557278,100,187,0.4489350760119555,0.3355347222222224,0.3358741834550147
afvnm2rn,17.34637863733624,0.46555515856048846,"[32,32]",0.011309516968264283,114,387,0.031450157674146065,0.3234236111111111,0.315029368
afvnm2rn,4.945569973306063,0.1208267224713856,"[128,128,128]",0.46995676820946064,138,429,0.159370875,0.3360208333333334,0.3359675028819236
afvnm2rn,18.350397072951104,0.91929396,"[32,32]",0.5439575604854965,134,416,0.4588141438205931,0.34072916666666686,0.34144974474392065
afvnm2rn,3.199096635776903,0.28947695585581995,"[128,128,128]",0.092044648,119,27,0.3623623810658724,0.32870833333333344,0.32826041609485657
afvnm2rn,15.34583409,0.1952680944284644,"[128,128,128]",0.026736180339265864,115,465,0.073457756,0.3389652777777779,0.340968875
afvnm2rn,1.8416557500036017,0.064598034,"[128,128]",0.4138101105457021,116,412,0.050484186388873614,0.3237708333333334,0.3181467859691497
afvnm2rn,20.22766521036935,0.8660534023328033,"[128,128]",0.048001839,137,375,0.3539485390357419,0.3301250000000001,0.329683263
afvnm2rn,2.232897001651158,0.4416100490812064,[128],0.4375216018936483,128,169,0.4749256958210516,0.3307916666666669,0.33003348520612624
afvnm2rn,10.963188635286064,0.4953893333534988,[128],0.1931728410100025,131,154,0.3492605449090988,0.34215972222222235,0.34348191249931403
afvnm2rn,12.56491111,0.6394021415961593,"[32,32]",0.27208501987102934,96,205,0.12635107282283486,0.34052083333333344,0.3401893835428447
afvnm2rn,14.311892554150722,0.8695769655803971,"[128,128]",0.4516464442797621,114,167,0.5365857195371988,0.3292430555555557,0.32844595707306373
afvnm2rn,4.010836482757982,0.3602214211243129,[128],0.5107938755242862,136,162,0.2771984864226044,0.3398541666666668,0.3419651973431412
afvnm2rn,15.679091967216944,0.7581179603297635,"[128,128]",0.37483571531349286,115,95,0.074943978,0.34081944444444445,0.33967008837898666
afvnm2rn,11.32012681043282,0.060353776,"[64,64,64]",0.47279076177896256,103,184,0.060369286136698425,0.33365972222222223,0.33069111269693147
afvnm2rn,16.21938976258566,0.9837293774256296,"[64,64,64]",0.1126858786581088,101,127,0.3779398535303547,0.3172291666666667,0.31432233627929956
afvnm2rn,10.80167487763724,0.9768962461806212,"[128,128,128]",0.11317005116709346,103,248,0.4183780936765354,0.3320972222222223,0.3312362079376408
afvnm2rn,20.872198341775228,0.3869305666107772,[64],0.5378013778390328,119,18,0.1928877444162506,0.3205416666666667,0.3187621452489433
afvnm2rn,1.5768997745243156,0.5536039652426107,"[32,32]",0.005263152,119,97,0.33452177383949583,0.34465972222222235,0.3420519295163858
afvnm2rn,14.73934276,0.19552188585233535,"[64,64,64]",0.47345112339202405,136,347,0.25658343906401326,0.3295972222222223,0.331233463
afvnm2rn,11.411828402144142,0.18756850798173524,[64],0.20424003034986707,108,82,0.2028945435654636,0.33064583333333336,0.3301196684415657
afvnm2rn,3.8648910793373705,0.30316258275033514,"[128,128]",0.29022055168382455,96,375,0.1456563337450713,0.3326666666666668,0.33450183894164803
afvnm2rn,18.63269387922057,0.448720776,"[128,128]",0.034286045,119,380,0.2891753091480422,0.33565972222222235,0.33576494483175073
afvnm2rn,8.535993133689676,0.7701199905524817,[16],0.008490945,110,182,0.1740296828289973,0.33129166666666676,0.32987484218038104
afvnm2rn,11.593584295200804,0.8279659918585835,[16],0.528849655,99,428,0.014074913375914476,0.4312291666666666,0.4231377284953615
afvnm2rn,17.705396289270798,0.6455582359220723,"[32,32]",0.4233017185011298,138,387,0.4295811512874983,0.3433125000000002,0.3456831530987541
afvnm2rn,18.57256553207413,0.9662633805508938,"[32,32,32]",0.42564020381382855,99,66,0.2309870756299769,0.3367152777777779,0.3350414448043038
afvnm2rn,16.33684683073377,0.22577434202353652,"[128,128]",0.041224865393423314,100,33,0.2494071529622521,0.33152083333333343,0.3296025690289291
afvnm2rn,4.973288869981422,0.23657346109618552,[16],0.2559357295294298,124,454,0.2640092073823845,0.32920833333333344,0.32808804962397775
afvnm2rn,5.041766461,0.4395595930083144,"[32,32]",0.4065089422789806,132,399,0.28242452280363517,0.3371250000000001,0.3378152275347205
afvnm2rn,18.51367420528468,0.12547180909089026,[128],0.14332826206944746,138,180,0.3379227681860898,0.3430694444444446,0.3429741450293683
afvnm2rn,15.476979120007408,0.2670964007800989,"[16,16,16]",0.24728630462651616,108,184,0.5446770426380637,0.3263333333333335,0.32402481198880173
afvnm2rn,13.09369539081048,0.9608844443358924,[32],0.1854252550304457,104,442,0.13129191360674558,0.33822222222222237,0.33678926277652754
afvnm2rn,10.262790224874315,0.7218295364112163,"[16,16,16]",0.3878585316140164,135,95,0.3063875669237312,0.3299722222222224,0.32770049953340297
afvnm2rn,12.631805770952232,0.8438147685867678,"[32,32]",0.38043594,104,258,0.475421903,0.3372708333333335,0.33772904429928097
afvnm2rn,3.789541772943062,0.24249071128667735,"[16,16,16]",0.085416999,96,232,0.094376699,0.320076389,0.3162968655651315
afvnm2rn,6.240054227999909,0.9001144460557124,[16],0.5408065935838519,134,122,0.016299382,0.3604097222222222,0.35512598122632716
afvnm2rn,2.146562259145848,0.19819999142988592,[32],0.508799076,108,15,0.004697902,0.7399166666666668,0.7278882362628315
afvnm2rn,14.069703465391472,0.7343709706097108,"[128,128]",0.384826012,116,72,0.086169322,0.34157638888888897,0.3394856452763903
afvnm2rn,8.403072803977894,0.576796938,[32],0.3139480460489472,106,489,0.046389967,0.35836805555555556,0.3562600867321733
afvnm2rn,3.985841325199293,0.27315377504084654,"[16,16,16]",0.49406631202701246,134,451,0.28455610451978863,0.3235833333333334,0.3227671954767525
afvnm2rn,18.068759036628943,0.089338087,[16],0.022093105805505997,128,294,0.31428983276416117,0.3375000000000002,0.33769446121754426
afvnm2rn,2.747278529891053,0.6245344639932598,"[32,32]",0.22047880545547568,109,25,0.486812917,0.3335208333333335,0.33418235713893635
afvnm2rn,13.201829846576894,0.041963201,[16],0.4992001200266453,106,250,0.30737787329587135,0.3365486111111112,0.33562771038041406
afvnm2rn,16.41433746216037,0.5427255365988174,[32],0.4410769484615836,95,171,0.015236985068193256,0.5302916666666667,0.517295383
afvnm2rn,1.064586701801569,0.4109260552439894,[128],0.45231748557390783,133,390,0.24829259194827036,0.33529861111111126,0.33608332875885166
afvnm2rn,2.7110991206388375,0.097382043,"[32,32,32]",0.30371271514691583,125,114,0.2521263665739368,0.32718750000000013,0.32640116374814737
afvnm2rn,13.930004975639928,0.4438169580019471,[16],0.5207402062067732,129,134,0.000276973,0.7395486111111111,0.7287440303013668
afvnm2rn,4.923650941979143,0.12042444441487256,[32],0.3791438608424652,128,233,0.045373833,0.34247222222222234,0.3374150518746226
afvnm2rn,15.88652470211584,0.4520746937546625,[32],0.524098024,101,286,0.3827057584134816,0.3257500000000001,0.3243695449305594
afvnm2rn,2.7835168323487536,0.41993313592236187,"[32,32,32]",0.22417058172225263,106,273,0.1247526877793219,0.32402083333333337,0.32250974364604496
afvnm2rn,10.83958549379641,0.7149163786267099,[32],0.4837160927569252,130,281,0.3248256169641591,0.33252083333333343,0.33479003128945506
afvnm2rn,9.101489859081614,0.742986802,"[32,32,32]",0.28342199997573864,130,125,0.1084963279615711,0.33840277777777783,0.33884229016852396
afvnm2rn,11.263050620889167,0.905476552,"[128,128]",0.5450667364657118,100,350,0.043076417641152165,0.33604166666666674,0.3312559696986332
afvnm2rn,13.73184454673242,0.45659674851043613,[32],0.4013905202446432,127,441,0.1445861259443927,0.3378125000000001,0.33778778064445314
afvnm2rn,15.364359682477684,0.9848574274422228,"[64,64,64]",0.42501437239047385,138,304,0.4724431161849598,0.3242430555555556,0.3239907778448703
afvnm2rn,14.128577305387672,0.080454586,"[64,64]",0.2206008408047692,94,223,0.4006980705924787,0.34072916666666686,0.34144864686830995
afvnm2rn,0.4629692845179932,0.8679682949974761,[128],0.22660221716224907,131,284,0.4463603611269624,0.3201250000000001,0.31905033759675033
afvnm2rn,8.442364240756387,0.540050349,[16],0.39598816856623226,95,429,0.26495446580411197,0.33856250000000015,0.33984684635230844
afvnm2rn,20.23813710603645,0.4989913733145132,"[16,16,16]",0.3840111967333337,134,171,0.2897934420236736,0.3296458333333335,0.3278294999176593
afvnm2rn,13.385420451983912,0.252211958,"[64,64]",0.22776201794951573,103,20,0.2535051302673526,0.3203194444444445,0.316456058
afvnm2rn,9.376774560020804,0.067702756,"[32,32]",0.13980167480183195,121,418,0.052270826810573774,0.33434027777777786,0.3318268650161938
afvnm2rn,14.760572556960504,0.33159605070782194,[16],0.5219312121845425,93,167,0.29138577232501534,0.33431944444444456,0.3366503815117749
afvnm2rn,12.507296618334362,0.3958080354167966,"[128,128,128]",0.467886075,120,233,0.10440504164143388,0.3290486111111111,0.32721798320250317
afvnm2rn,17.48994049269712,0.8747876604988529,[16],0.2701983229476898,94,59,0.087060476,0.3233750000000001,0.3205966953944118
afvnm2rn,21.014200537648883,0.5506508031288175,"[16,16,16]",0.10799239210208296,100,382,0.1941909635072933,0.3391458333333335,0.3395015644727454
afvnm2rn,5.429023269190385,0.2427048828740105,"[64,64]",0.4092023056422408,134,482,0.47863329517110303,0.32589583333333344,0.3241971784596806
afvnm2rn,16.253290963025634,0.31274219741987136,"[16,16,16]",0.25182328395722103,97,300,0.031933863,0.32300694444444444,0.3181078113849701
afvnm2rn,11.23605336,0.5010695478881685,"[32,32,32]",0.2966377073173899,101,365,0.2762163562037502,0.3348125000000002,0.3363007081297691
afvnm2rn,2.307573936150466,0.735580753,[64],0.1905700377492261,105,237,0.4065633658405444,0.3339583333333336,0.3339243563704234
afvnm2rn,2.1085186572548102,0.5144065878893657,[64],0.30543477493018073,115,382,0.011673286113012226,0.6363402777777779,0.624164791
afvnm2rn,6.642899679568182,0.3735214525705523,[16],0.1892592548717276,127,227,0.079931787,0.33870138888888895,0.33869517483669115
afvnm2rn,18.69510371798634,0.26849531723007947,[32],0.4482432497935512,108,436,0.3942864791966736,0.3473541666666668,0.3490569248504146
afvnm2rn,4.460762771882076,0.081531907,"[128,128,128]",0.3672921943960647,116,369,0.2069710883294144,0.33992361111111125,0.33983257396936944
afvnm2rn,11.567844129447405,0.8151883133231737,"[16,16]",0.4457458860736752,92,188,0.16296373867356936,0.3358402777777779,0.3353038370752594
afvnm2rn,16.57011205605964,0.5908680141482665,[128],0.3707465177274072,98,438,0.1501233815092619,0.3264375000000001,0.32691551847175726
afvnm2rn,15.29983316895709,0.2687397116754141,"[64,64,64]",0.4159994372765589,113,277,0.42381400836777633,0.3326666666666668,0.331806554
afvnm2rn,5.009876545172239,0.6011897444907899,"[128,128]",0.17636406215764794,111,136,0.005460841,0.7391180555555557,0.7276615249492232
afvnm2rn,16.463487065556723,0.18782804833673716,"[64,64,64]",0.028194862640096404,93,295,0.054811761,0.32243750000000004,0.3159466432453203
afvnm2rn,7.580883635900012,0.924802057,[128],0.4519806125074603,132,137,0.5170803308339137,0.33675000000000016,0.3355519569632762
afvnm2rn,6.727919957667979,0.8324931254493505,"[128,128,128]",0.17962719257695697,108,292,0.4236465675819846,0.333527778,0.3341856507657684
afvnm2rn,18.654711571799044,0.6478543178024433,"[32,32,32]",0.20943580165530223,114,83,0.13111103064902566,0.3408263888888891,0.34168578800021976
afvnm2rn,2.219159898422329,0.8882284299758496,"[32,32,32]",0.061949449493962555,121,145,0.07852759,0.3227916666666667,0.3189954438162157
afvnm2rn,1.2825826501268809,0.15849114744138396,[16],0.2884026249240564,115,72,0.5524945287982699,0.3320833333333335,0.3321512872591537
afvnm2rn,11.049888622868384,0.3592251727640986,"[32,32,32]",0.3644121341988928,131,22,0.4322494434644881,0.3207083333333334,0.3187056046549926
afvnm2rn,18.500743884343965,0.3135864967703826,[64],0.2511202190947548,106,8,0.4376735069227467,0.3293472222222223,0.32800131745073285
afvnm2rn,2.1171269031319677,0.9877087481014174,"[32,32,32]",0.4393235582949752,106,56,0.4073444250402448,0.33223611111111123,0.33099906680573105
afvnm2rn,1.207272024,0.4533636955028587,"[16,16]",0.3255113071063432,135,246,0.23437170320390063,0.3302222222222223,0.3276983037821816
afvnm2rn,5.564842041,0.2689539562563463,"[32,32,32]",0.12477509167346418,131,272,0.2691649075370886,0.33093750000000016,0.3299478509084921
afvnm2rn,15.957637504603635,0.7761564986632553,"[64,64]",0.075931068,121,140,0.1267860414449721,0.33432638888888905,0.33453861777460625
afvnm2rn,10.780948195469946,0.9029624226442924,"[32,32,32]",0.5537094794207901,95,301,0.063140716,0.33184722222222235,0.3290036778832958
afvnm2rn,17.18518272334175,0.34054808035785344,"[128,128,128]",0.3287638237811017,112,144,0.5081317415636201,0.3350972222222223,0.33613657572597044
afvnm2rn,20.452525,0.9615842629931828,"[64,64,64]",0.43157263616068287,104,292,0.12483204790868264,0.3329722222222222,0.33336608662238576
afvnm2rn,1.268958299184402,0.4125830658016141,[128],0.33273025667701933,115,183,0.12440039628076038,0.33748611111111126,0.3378459680518198
afvnm2rn,13.884822988181485,0.3686572692902565,[32],0.5455816801803726,116,10,0.23493691495689664,0.3402916666666668,0.3417060986990175
afvnm2rn,12.542220181051167,0.40501773412218944,[32],0.4229860517711809,114,267,0.001481782,0.748736111,0.7375188011198331
afvnm2rn,3.891737032636027,0.174308872,[16],0.4897548558829995,105,396,0.10470598819641114,0.32301388888888893,0.32102486688258225
afvnm2rn,8.609965620538718,0.080400624,[128],0.05521126,128,44,0.15406517657016622,0.33600694444444457,0.33613547785035974
afvnm2rn,1.5517724159636286,0.3643106553186791,"[32,32]",0.47256668546213754,129,139,0.28104979123874807,0.3410277777777779,0.3412740846462097
afvnm2rn,1.4827184984164026,0.9045526168501912,[128],0.5006568333181144,116,74,0.19055300252344204,0.3450277777777779,0.3473678432233629
afvnm2rn,5.758794861642539,0.8177773960686122,"[32,32,32]",0.3061969407483051,105,446,0.093552161,0.33556250000000004,0.33439918757204806
afvnm2rn,15.731760524153666,0.6877670143965126,"[64,64,64]",0.16861265671971715,96,336,0.33148103013029795,0.3506875000000001,0.3499681616072901
afvnm2rn,11.39619189576282,0.5260751602569522,"[16,16,16]",0.34764861723190027,101,28,0.14922712246103154,0.32361111111111124,0.3203156392380743
afvnm2rn,21.168066235187077,0.2045572915701309,"[32,32,32]",0.4390716251462125,92,263,0.5295566809735108,0.33381250000000007,0.3340105396058628
afvnm2rn,5.283692597,0.5087201790300314,[32],0.25274827689261675,121,438,0.045237054,0.3352361111111112,0.3309266070154252
afvnm2rn,12.530307182101566,0.15498078476342048,"[32,32]",0.5353263548475184,92,187,0.2361156657286431,0.3298472222222223,0.33104407970576943
afvnm2rn,6.9327261438161205,0.4558916372147403,[16],0.1991685124794196,115,144,0.3394168132932184,0.34245833333333353,0.34330680133940844
afvnm2rn,15.809038828232634,0.3774491312134673,"[16,16]",0.34617354756602586,115,102,0.037057229,0.340513889,0.33719602569028934
afvnm2rn,13.661062688946238,0.7599860535688006,[16],0.1972476206403921,120,117,0.34096526956627843,0.32847916666666677,0.32851896580117484
afvnm2rn,1.062433310997328,0.3038310686130298,"[128,128]",0.43695470871809006,94,152,0.10670228421166972,0.3256805555555556,0.3222676620738871
afvnm2rn,5.562561994540981,0.3697286735275501,"[32,32,32]",0.25657365772206836,93,469,0.1375692118217513,0.33371527777777793,0.3349700828896088
afvnm2rn,17.655850951227723,0.5958507226217006,"[32,32]",0.3936449790034503,137,387,0.48418392302970215,0.3364722222222224,0.3353856288082562
afvnm2rn,14.95925940951508,0.15937563573130606,"[128,128]",0.19014033772856095,123,492,0.12837188450734494,0.33996527777777785,0.3422835812702422
afvnm2rn,7.308005852,0.8641124261100457,[16],0.22304412681628405,92,225,0.5127286947066694,0.3369722222222224,0.3379041554591867
afvnm2rn,20.114529934119105,0.8200581930238163,[16],0.20598265492364837,98,191,0.46536212503727126,0.3250208333333335,0.3248004611077566
afvnm2rn,7.826770577256472,0.8513704706274882,[16],0.392791848,132,187,0.4388379208751386,0.32115277777777784,0.3184585826425866
afvnm2rn,11.082082686026794,0.085425528,"[64,64,64]",0.2333885744041299,97,270,0.12498242554726652,0.32690277777777793,0.32657407915683156
afvnm2rn,8.088063219624043,0.8361267042708732,"[32,32]",0.38274854558867466,97,105,0.039251638529288584,0.3310555555555556,0.32728111105011803
afvnm2rn,5.999387215769291,0.14384255931804263,"[32,32,32]",0.026773790904572072,96,156,0.29666792967295164,0.3388541666666668,0.33967502881923495
afvnm2rn,10.639611915287338,0.4968561143761976,[16],0.22939781074082324,104,386,0.4428623095897867,0.3379513888888891,0.3372876983037824
afvnm2rn,2.5595267486799487,0.091459783,"[64,64,64]",0.4672987227909272,113,447,0.05174429,0.3314375,0.32752977987594006
afvnm2rn,4.275718971471297,0.8209864490265456,"[16,16,16]",0.2904636379220476,102,288,0.044754833,0.34235416666666674,0.3430054344842729
afvnm2rn,4.420336311691443,0.2869213752687635,"[32,32,32]",0.020826888321769304,134,44,0.14484278373635515,0.34187500000000015,0.3436515342811661
afvnm2rn,19.26088462101387,0.8352735443448929,"[32,32]",0.2601355842008304,112,186,0.5114678504282569,0.3335208333333335,0.33418290607674167
afvnm2rn,6.420179943211017,0.787451262,"[64,64,64]",0.20857521415482105,118,228,0.20515729357778956,0.3399097222222224,0.33967283306801355
afvnm2rn,14.71618618,0.9591851677643092,[32],0.2071560589895768,122,262,0.21858078880840337,0.34442361111111114,0.34449305593676244
afvnm2rn,14.255504663121997,0.7069879877359825,"[16,16,16]",0.2496487220683692,98,105,0.5470424723673514,0.3316458333333334,0.332409837
afvnm2rn,8.555243157,0.1586414246149195,"[16,16]",0.5426759613101858,100,184,0.3196787787816998,0.33856250000000015,0.33984684635230844
afvnm2rn,12.040767132289218,0.036189972393332014,[16],0.3624020304625508,122,44,0.2436136346131218,0.339902778,0.3396409946753034
afvnm2rn,18.976957503759216,0.6578094984896681,[16],0.24557119721907325,125,494,0.5374028516556455,0.34506250000000016,0.34464895427348097
afvnm2rn,4.337402421895994,0.5940247944783438,[64],0.24593227820185976,109,383,0.21594212718227015,0.34631250000000013,0.349748038
afvnm2rn,5.770281714231993,0.017019976850452645,[64],0.4257322078927904,137,395,0.2208176101895026,0.3476597222222223,0.34837514409617404
afvnm2rn,15.318966815043735,0.11752057533126456,"[32,32,32]",0.31313719832008957,110,256,0.053025953,0.330513889,0.3271888894988198
afvnm2rn,10.570120451496836,0.5242803200900172,"[128,128]",0.077685617,94,44,0.1371811412756685,0.3305416666666668,0.33055058461876285
afvnm2rn,20.36094260426512,0.3951777612398935,[128],0.5444216455493278,120,342,0.42462862724230704,0.3371250000000001,0.3378146785969151
afvnm2rn,16.15259797348291,0.790116052,"[128,128,128]",0.42881490426433294,127,278,0.087428705,0.3397013888888889,0.3386583960037327
afvnm2rn,7.896007639919209,0.072491796,"[128,128]",0.12895219987871162,105,152,0.5022829516097885,0.3205625000000001,0.318791788
afvnm2rn,13.238828147864307,0.9863498177433976,"[64,64]",0.517368797,94,22,0.4673703520220916,0.34230555555555564,0.34328868639183197
afvnm2rn,12.268355166039246,0.1274132369850018,"[64,64,64]",0.18555451116567456,97,295,0.1890284584350044,0.3377083333333335,0.3374704945929628
